指数代码,指数分类,发布日期,行情开始日期,指数简写
000001.XSHG,上证指数,1991/7/15,2005/1/4,SZZS
000002.XSHG,A股指数,1992/2/21,2005/1/4,AGZS
000003.XSHG,B股指数,1992/2/21,2005/1/4,BGZS
000004.XSHG,工业指数,1993/5/3,2005/1/4,GYZS
000005.XSHG,商业指数,1993/5/3,2005/1/4,SYZS
000006.XSHG,地产指数,1993/5/3,2005/1/4,DCZS
000007.XSHG,公用指数,1993/5/3,2005/1/4,GYZS
000008.XSHG,综合指数,1993/5/3,2005/1/4,ZHZS
000009.XSHG,上证380,2010/11/29,2010/11/29,SZ380
000010.XSHG,上证180,2002/7/1,2005/1/4,SZ180
000011.XSHG,基金指数,2000/6/9,2005/1/4,JJZS
000012.XSHG,国债指数,2003/1/2,2005/1/4,GZZS
000013.XSHG,上证企业债指数,2003/6/9,2005/1/4,QZZS
000015.XSHG,红利指数,2005/1/4,2005/1/4,HLZS
000016.XSHG,上证50,2004/1/2,2005/1/4,SZ50
000017.XSHG,新综指,2006/1/4,2006/1/4,XZZ
000018.XSHG,180金融,2007/12/10,2007/12/10,180JR
000019.XSHG,治理指数,2008/1/2,2008/1/2,ZLZS
000020.XSHG,中型综指,2008/5/12,2008/5/12,ZXZZ
000021.XSHG,180治理,2008/9/10,2008/9/10,180ZL
000022.XSHG,上证公司债指数,2008/11/19,2008/11/19,HGSZ
000025.XSHG,180基建,2008/12/15,2008/12/15,180JJ
000026.XSHG,180资源,2008/12/15,2008/12/15,180ZY
000027.XSHG,180运输,2008/12/15,2008/12/15,180YS
000028.XSHG,180成长,2009/1/9,2009/1/9,180CZ
000029.XSHG,180价值,2009/1/9,2009/1/9,180JZ
000030.XSHG,180R成长,2009/1/9,2009/1/9,180RCZ
000031.XSHG,180R价值,2009/1/9,2009/1/9,180RJZ
000032.XSHG,上证能源,2009/1/9,2009/1/9,SZNY
000033.XSHG,上证材料,2009/1/9,2009/1/9,SZCL
000034.XSHG,上证工业,2009/1/9,2009/1/9,SZGY
000035.XSHG,上证可选,2009/1/9,2009/1/9,SZKX
000036.XSHG,上证消费,2009/1/9,2009/1/9,SZXF
000037.XSHG,上证医药,2009/1/9,2009/1/9,SZYY
000038.XSHG,上证金融,2009/1/9,2009/1/9,SZJR
000039.XSHG,上证信息,2009/1/9,2009/1/9,SZXX
000040.XSHG,上证电信,2009/1/9,2009/1/9,SZDX
000041.XSHG,上证公用,2009/1/9,2009/1/9,SZGY
000042.XSHG,上证央企,2009/3/30,2009/3/30,SZYQ
000043.XSHG,超大盘,2009/4/23,2009/4/23,CDP
000044.XSHG,上证中盘,2009/7/3,2009/7/3,SZZP
000045.XSHG,上证小盘,2009/7/3,2009/7/3,SZXP
000046.XSHG,上证中小,2009/7/3,2009/7/3,SZZX
000047.XSHG,上证全指,2009/7/3,2009/7/3,SZQZ
000048.XSHG,责任指数,2009/8/5,2009/8/5,ZRZS
000049.XSHG,上证民企,2009/8/25,2009/8/25,SZMQ
000050.XSHG,50等权,2011/1/4,2011/1/4,50DQ
000051.XSHG,180等权,2011/5/24,2011/5/24,180DQ
000052.XSHG,50基本,2012/1/9,2012/1/9,50JB
000053.XSHG,180基本,2012/1/9,2012/1/9,180JB
000054.XSHG,上证海外,2010/1/4,2010/1/4,SZHW
000055.XSHG,上证地企,2010/1/4,2010/1/4,SZDQ
000056.XSHG,上证国企,2010/1/4,2010/1/4,SZGQ
000057.XSHG,全指成长,2010/1/4,2010/1/4,QZCZ
000058.XSHG,全指价值,2010/1/4,2010/1/4,QZJZ
000059.XSHG,全R成长,2010/1/4,2010/1/4,QRCZ
000060.XSHG,全R价值,2010/1/4,2010/1/4,QRJZ
000061.XSHG,沪企债30,2010/1/4,2010/1/4,HQZ30
000062.XSHG,上证沪企,2010/1/4,2010/1/4,SZHQ
000063.XSHG,上证周期,2010/2/3,2010/2/3,SZZQ
000064.XSHG,非周期,2010/2/3,2010/2/3,FZQ
000065.XSHG,上证龙头,2010/2/9,2010/2/9,SZLT
000066.XSHG,上证商品,2010/4/30,2010/4/30,SZSP
000067.XSHG,上证新兴,2010/4/30,2010/4/30,SZXX
000068.XSHG,上证资源,2010/5/28,2010/5/28,SZZY
000069.XSHG,消费80,2010/5/28,2010/5/28,XF80
000070.XSHG,能源等权,2010/8/18,2010/8/18,NYDQ
000071.XSHG,材料等权,2010/8/18,2010/8/18,CLDQ
000072.XSHG,工业等权,2010/8/18,2010/8/18,GYDQ
000073.XSHG,可选等权,2010/8/18,2010/8/18,KXDQ
000074.XSHG,消费等权,2010/8/18,2010/8/18,XFDQ
000075.XSHG,医药等权,2010/8/18,2010/8/18,YYDQ
000076.XSHG,金融等权,2010/8/18,2010/8/18,JRDQ
000077.XSHG,信息等权,2010/8/18,2010/8/18,XXDQ
000078.XSHG,电信等权,2010/8/18,2010/8/18,DXDQ
000079.XSHG,公用等权,2010/8/18,2010/8/18,GYDQ
000090.XSHG,上证流通,2010/12/2,2010/12/2,SZLT
000091.XSHG,沪财中小,2011/4/6,2011/4/6,HCZX
000092.XSHG,资源50,2011/5/10,2011/5/10,ZY50
000093.XSHG,180分层,2011/5/24,2011/5/24,180FC
000094.XSHG,上证上游,2011/5/10,2011/5/10,SZSY
000095.XSHG,上证中游,2011/5/10,2011/5/10,SZZY
000096.XSHG,上证下游,2011/5/10,2011/5/10,SZXY
000097.XSHG,高端装备,2011/5/24,2011/5/24,GDZB
000098.XSHG,上证F200,2011/7/1,2011/7/1,SZF200
000099.XSHG,上证F300,2011/7/1,2011/7/1,SZF300
000100.XSHG,上证F500,2011/7/1,2011/7/1,SZF500
000101.XSHG,5年信用,2013/4/1,2013/4/1,5NXY
000102.XSHG,沪投资品,2011/6/13,2011/6/13,HTZP
000103.XSHG,沪消费品,2011/6/13,2011/6/13,HXFP
000104.XSHG,380能源,2011/6/13,2011/6/13,380NY
000105.XSHG,380材料,2011/6/13,2011/6/13,380CL
000106.XSHG,380工业,2011/6/13,2011/6/13,380GY
000107.XSHG,380可选,2011/6/13,2011/6/13,380KX
000108.XSHG,380消费,2011/6/13,2011/6/13,380XF
000109.XSHG,380医药,2011/6/13,2011/6/13,380YY
000110.XSHG,380金融,2011/6/13,2011/6/13,380JR
000111.XSHG,380信息,2011/6/13,2011/6/13,380XX
000112.XSHG,380电信,2011/6/13,2011/6/13,380DX
000113.XSHG,380公用,2011/6/13,2011/6/13,380GY
000114.XSHG,持续产业,2011/8/22,2011/8/22,CXCY
000115.XSHG,380等权,2011/8/12,2011/8/12,380DQ
000116.XSHG,信用100,2013/2/26,2013/2/26,XY100
000117.XSHG,380成长,2011/10/18,2011/10/18,380CZ
000118.XSHG,380价值,2011/10/18,2011/10/18,380JZ
000119.XSHG,380R成长,2011/10/18,2011/10/18,380RCZ
000120.XSHG,380R价值,2011/10/18,2011/10/18,380RJZ
000121.XSHG,医药主题,2011/10/18,2011/10/18,YYZT
000122.XSHG,农业主题,2011/10/18,2011/10/18,NYZT
000123.XSHG,180动态,2013/2/8,2013/2/8,180DT
000125.XSHG,180稳定,2013/2/8,2013/2/8,180WD
000126.XSHG,消费50,2011/12/9,2011/12/9,XF50
000128.XSHG,380基本,2012/1/9,2012/1/9,380JB
000129.XSHG,180波动,2012/1/9,2012/1/9,180BD
000130.XSHG,380波动,2012/1/9,2012/1/9,380BD
000131.XSHG,上证高新,2012/2/10,2012/2/10,SZGX
000132.XSHG,上证100,2012/4/20,2012/4/20,SZ100
000133.XSHG,上证150,2012/4/20,2012/4/20,SZ150
000134.XSHG,上证银行,2012/5/29,2012/5/29,SZYH
000135.XSHG,180高贝,2012/8/6,2012/8/6,180GB
000136.XSHG,180低贝,2012/8/6,2012/8/6,180DB
000137.XSHG,380高贝,2012/8/6,2012/8/6,380GB
000138.XSHG,380低贝,2012/8/6,2012/8/6,380DB
000139.XSHG,上证转债,2012/9/12,2012/9/12,SZZZ
000141.XSHG,380动态,2013/2/8,2013/2/8,380DT
000142.XSHG,380稳定,2013/2/8,2013/2/8,380WD
000145.XSHG,优势资源,2012/5/29,2012/5/29,YSZY
000146.XSHG,优势制造,2012/5/29,2012/5/29,YSZZ
000147.XSHG,优势消费,2012/5/29,2012/5/29,YSXF
000148.XSHG,消费领先,2012/5/29,2012/5/29,XFLX
000149.XSHG,180红利,2012/7/20,2012/7/20,180HL
000150.XSHG,380红利,2012/7/20,2012/7/20,380HL
000151.XSHG,上国红利,2012/7/20,2012/7/20,SGHL
000152.XSHG,上央红利,2012/7/20,2012/7/20,SYHL
000153.XSHG,上民红利,2012/7/20,2012/7/20,SMHL
000155.XSHG,市值百强,2012/7/20,2012/7/20,SZBQ
000158.XSHG,上证环保,2012/9/25,2012/9/25,SZHB
000159.XSHG,上证沪股通指数,2014/11/17,2014/11/17,HGT
000160.XSHG,上证一带一路主题指数,2015/6/24,2015/6/24,HXSL
000161.XSHG,上证中国制造2025主题指数,2015/10/29,2015/10/29,HZGZ
000162.XSHG,上证互联网+主题指数,2015/10/29,2015/10/29,HHL+
000171.XSHG,新兴成指,2017/1/25,2017/1/25,XXCZ
000188.XSHG,中国波指,2016/11/28,2016/11/28,ZZBZ
000300.XSHG,沪深300,2005/4/8,2005/4/8,HS300
000682.XSHG,科创信息,2021/8/16,2021/8/16,KCXX
000683.XSHG,科创生物,2022/5/9,2022/5/9,KCSW
000685.XSHG,科创芯片,2022/6/13,2022/6/13,KCXP
000687.XSHG,科创高装,2022/8/15,2022/8/15,KCGZ
000688.XSHG,科创50,2020/7/23,2020/7/23,KC50
000689.XSHG,科创材料,2022/8/15,2022/8/15,KCCL
000690.XSHG,科创成长,2022/11/4,2022/11/4,KCCZ
000691.XSHG,科创ESG,2024/3/21,2024/3/21,KCESG
000692.XSHG,科创新能,2023/4/3,2023/4/3,KCXN
000693.XSHG,科创机械,2023/4/3,2023/4/3,KCJX
000695.XSHG,科长三角,2023/4/3,2023/4/3,KCSJ
000697.XSHG,科大湾区,2023/4/3,2023/4/3,KDWQ
000698.XSHG,科创100,2023/8/7,2023/8/7,KC100
000801.XSHG,资源80,2011/11/8,2011/11/8,ZY80
000802.XSHG,500沪市,2011/11/8,2011/11/8,500HS
000803.XSHG,300波动,2012/1/9,2012/1/9,300BD
000804.XSHG,500波动,2012/1/9,2012/1/9,500BD
000805.XSHG,A股资源,2012/1/6,2012/1/6,AGZY
000806.XSHG,消费服务,2012/2/10,2012/2/10,XFFW
000807.XSHG,食品饮料,2012/2/17,2012/2/17,SPYL
000808.XSHG,医药生物,2012/2/17,2012/2/17,YYSW
000809.XSHG,细分农业,2012/4/11,2012/4/11,XFNY
000810.XSHG,细分能源,2012/4/11,2012/4/11,XFNY
000811.XSHG,细分有色,2012/4/11,2012/4/11,XFYS
000812.XSHG,细分机械,2012/4/11,2012/4/11,XFJX
000813.XSHG,细分化工,2012/4/11,2012/4/11,XFHG
000814.XSHG,细分医药,2012/4/11,2012/4/11,XFYY
000815.XSHG,细分食品,2012/4/11,2012/4/11,XFSP
000816.XSHG,细分地产,2012/4/11,2012/4/11,XFDC
000817.XSHG,兴证海峡,2011/9/27,2011/9/27,XZHX
000818.XSHG,细分金融,2012/4/11,2012/4/11,XFJR
000819.XSHG,有色金属,2012/5/9,2012/5/9,YSJS
000820.XSHG,煤炭指数,2012/5/9,2012/5/9,MTZS
000821.XSHG,300红利,2012/7/20,2012/7/20,300HL
000822.XSHG,500红利,2012/7/20,2012/7/20,500HL
000823.XSHG,中证800有色金属指数,2012/12/21,2012/12/21,800YS
000824.XSHG,国企红利,2012/7/20,2012/7/20,GQHL
000825.XSHG,央企红利,2012/7/20,2012/7/20,YQHL
000826.XSHG,民企红利,2012/7/20,2012/7/20,MQHL
000827.XSHG,中证环保,2012/9/25,2012/9/25,ZZHB
000828.XSHG,300高贝,2012/8/6,2012/8/6,300GB
000829.XSHG,300低贝,2012/8/6,2012/8/6,300DB
000830.XSHG,500高贝,2012/8/6,2012/8/6,500GB
000831.XSHG,500低贝,2012/8/6,2012/8/6,500DB
000832.XSHG,中证转债,2012/9/12,2012/9/12,ZZZZ
000833.XSHG,中高企债,2012/9/10,2012/9/10,ZGQZ
000838.XSHG,创业价值,2012/9/26,2012/9/26,CYJZ
000839.XSHG,浙企综指,2012/11/9,2012/11/9,ZQZZ
000840.XSHG,浙江民企,2012/11/9,2012/11/9,ZJMQ
000841.XSHG,800医药,2012/12/21,2012/12/21,800YY
000842.XSHG,800等权,2012/12/21,2012/12/21,800DQ
000843.XSHG,300动态,2013/1/7,2013/1/7,300DT
000844.XSHG,300稳定,2013/1/7,2013/1/7,300WD
000846.XSHG,ESG100,2012/10/16,2012/10/16,ESG100
000847.XSHG,中证腾安价值100指数,2013/11/18,2013/11/18,ZZTA
000849.XSHG,沪深300非银行金融指数,2012/12/21,2012/12/21,300FY
000850.XSHG,沪深300有色金属指数,2012/12/21,2012/12/21,300YS
000851.XSHG,中证百度百发策略100指数,2014/7/30,2014/7/30,BF100
000852.XSHG,中证1000指数,2014/10/17,2014/10/17,ZZ1000
000853.XSHG,中证申万一带一路主题投资指数,2015/4/23,2015/4/23,CSSWSL
000854.XSHG,500原料,2013/11/6,2013/11/6,500YL
000855.XSHG,央视财经500指数,2014/11/3,2014/11/3,YS500
000856.XSHG,500工业,2013/11/6,2013/11/6,500GY
000857.XSHG,500医药,2013/11/6,2013/11/6,500YY
000858.XSHG,500信息,2013/11/6,2013/11/6,500XX
000891.XSHG,中国战略新兴产业综合指数,2017/1/25,2017/1/25,XXZZ
000901.XSHG,小康指数,2010/4/1,2010/4/1,XKZS
000902.XSHG,中证流通,2006/2/27,2006/2/27,ZZLT
000903.XSHG,中证100,2006/5/29,2006/5/29,ZZ100
000904.XSHG,中证200,2007/1/15,2007/1/15,ZZ200
000905.XSHG,中证500,2007/1/15,2007/1/15,ZZ500
000906.XSHG,中证800,2007/1/15,2007/1/15,ZZ800
000907.XSHG,中证700,2007/1/15,2007/1/15,ZZ700
000908.XSHG,300能源,2007/7/2,2007/7/2,300NY
000909.XSHG,300材料,2007/7/2,2007/7/2,300CL
000910.XSHG,300工业,2007/7/2,2007/7/2,300GY
000911.XSHG,300可选,2007/7/2,2007/7/2,300KX
000912.XSHG,300消费,2007/7/2,2007/7/2,300XF
000913.XSHG,300医药,2007/7/2,2007/7/2,300YY
000914.XSHG,300金融,2007/7/2,2007/7/2,300JR
000915.XSHG,300信息,2007/7/2,2007/7/2,300XX
000916.XSHG,300电信,2007/7/2,2007/7/2,300DX
000917.XSHG,300公用,2007/7/2,2007/7/2,300GY
000918.XSHG,300成长,2008/1/21,2008/1/21,300CZ
000919.XSHG,300价值,2008/1/21,2008/1/21,300JZ
000920.XSHG,300R成长,2008/1/21,2008/1/21,300RCZ
000921.XSHG,300R价值,2008/1/21,2008/1/21,300RJZ
000922.XSHG,中证红利,2008/5/26,2008/5/26,ZZHL
000923.XSHG,公司债,2008/11/19,2008/11/19,GSZ
000925.XSHG,基本面50,2009/2/26,2009/2/26,JBM50
000926.XSHG,中证央企,2009/3/30,2009/3/30,ZZYQ
000927.XSHG,央企100,2009/3/30,2009/3/30,YQ100
000928.XSHG,中证能源,2009/7/3,2009/7/3,ZZNY
000929.XSHG,中证材料,2009/7/3,2009/7/3,ZZCL
000930.XSHG,中证工业,2009/7/3,2009/7/3,ZZGY
000931.XSHG,中证可选,2009/7/3,2009/7/3,ZZKX
000932.XSHG,中证消费,2009/7/3,2009/7/3,ZZXF
000933.XSHG,中证医药,2009/7/3,2009/7/3,ZZYY
000934.XSHG,中证金融,2009/7/3,2009/7/3,ZZJR
000935.XSHG,中证信息,2009/7/3,2009/7/3,ZZXX
000936.XSHG,中证电信,2009/7/3,2009/7/3,ZZDX
000937.XSHG,中证公用,2009/7/3,2009/7/3,ZZGY
000938.XSHG,中证民企,2009/8/25,2009/8/25,ZZMQ
000939.XSHG,民企200,2009/8/25,2009/8/25,MQ200
000940.XSHG,财富大盘,2009/9/25,2009/9/25,CFDP
000941.XSHG,新能源,2009/10/28,2009/10/28,XNY
000942.XSHG,内地消费,2009/10/28,2009/10/28,NDXF
000943.XSHG,内地基建,2009/10/28,2009/10/28,NDJJ
000944.XSHG,内地资源,2009/10/28,2009/10/28,NDZY
000945.XSHG,内地运输,2009/10/28,2009/10/28,NDYS
000946.XSHG,内地金融,2009/10/28,2009/10/28,NDJR
000947.XSHG,内地银行,2009/10/28,2009/10/28,NDYH
000948.XSHG,内地地产,2009/10/28,2009/10/28,NDDC
000949.XSHG,内地农业,2009/10/28,2009/10/28,NDNY
000950.XSHG,300基建,2009/10/28,2009/10/28,300JJ
000951.XSHG,300银行,2009/10/28,2009/10/28,300YH
000952.XSHG,300地产,2009/10/28,2009/10/28,300DC
000953.XSHG,中证地企,2010/2/9,2010/2/9,ZZDQ
000954.XSHG,地企100,2010/2/9,2010/2/9,DQ100
000955.XSHG,中证国企,2010/2/9,2010/2/9,ZZGQ
000956.XSHG,国企200,2010/2/9,2010/2/9,GQ200
000957.XSHG,300运输,2009/6/16,2009/6/16,300YS
000958.XSHG,创业成长,2010/3/24,2010/3/24,CYCZ
000959.XSHG,银河99,2010/2/9,2010/2/9,YH99
000960.XSHG,中证龙头,2010/2/9,2010/2/9,ZZLT
000961.XSHG,中证上游,2010/4/16,2010/4/16,ZZSY
000962.XSHG,中证中游,2010/4/16,2010/4/16,ZZZY
000963.XSHG,中证下游,2010/4/16,2010/4/16,ZZXY
000964.XSHG,中证新兴,2010/4/30,2010/4/30,ZZXX
000965.XSHG,基本200,2010/6/2,2010/6/2,JB200
000966.XSHG,基本400,2010/6/2,2010/6/2,JB400
000967.XSHG,基本600,2010/6/2,2010/6/2,JB600
000968.XSHG,300周期,2010/5/28,2010/5/28,300ZQ
000969.XSHG,300非周,2010/5/28,2010/5/28,300FZ
000970.XSHG,ESG40,2010/9/17,2010/9/17,ESG40
000971.XSHG,等权90,2010/12/2,2010/12/2,DQ90
000972.XSHG,300沪市,2010/12/2,2010/12/2,300HS
000973.XSHG,技术领先,2011/1/4,2011/1/4,JSLX
000974.XSHG,中证800金融指数,2013/5/9,2013/5/9,800JR
000975.XSHG,钱江30,2014/1/2,2014/1/2,QJ30
000976.XSHG,新华金牛,2014/2/18,2014/2/18,XHJN
000977.XSHG,内地低碳,2011/1/21,2011/1/21,NDDT
000978.XSHG,医药100,2011/3/18,2011/3/18,YY100
000979.XSHG,大宗商品,2011/8/22,2011/8/22,DZSP
000980.XSHG,中证超大,2011/5/10,2011/5/10,ZZCD
000981.XSHG,300分层,2011/6/13,2011/6/13,300FC
000982.XSHG,500等权,2011/6/13,2011/6/13,500DQ
000983.XSHG,智能资产,2011/6/17,2011/6/17,ZNZC
000984.XSHG,300等权,2011/8/2,2011/8/2,300DQ
000985.XSHG,中证全指,2011/8/2,2011/8/2,ZZQZ
000986.XSHG,全指能源,2011/8/2,2011/8/2,QZNY
000987.XSHG,全指材料,2011/8/2,2011/8/2,QZCL
000988.XSHG,全指工业,2011/8/2,2011/8/2,QZGY
000989.XSHG,全指可选,2011/8/2,2011/8/2,QZKX
000990.XSHG,全指消费,2011/8/2,2011/8/2,QZXF
000991.XSHG,全指医药,2011/8/2,2011/8/2,QZYY
000992.XSHG,全指金融,2011/8/2,2011/8/2,QZJR
000993.XSHG,全指信息,2011/8/2,2011/8/2,QZXX
000994.XSHG,全指电信,2011/8/2,2011/8/2,QZDX
000995.XSHG,全指公用,2011/8/2,2011/8/2,QZGY
000996.XSHG,领先行业,2011/8/2,2011/8/2,LXHY
000997.XSHG,大消费,2011/11/11,2011/11/11,DXF
000998.XSHG,中证TMT,2011/11/8,2011/11/8,ZZTMT
000999.XSHG,中证两岸三地500指数,2010/1/18,2010/1/18,LASD
399001.XSHE,深证成指,1995/1/23,2005/1/4,SZCZ
399002.XSHE,深成指R,1995/1/23,2005/1/4,SCZR
399003.XSHE,成份B指,1995/1/23,2005/1/4,CFBZ
399004.XSHE,深证100R,2003/1/2,2005/1/4,SZ100R
399005.XSHE,中小100,2006/1/24,2006/1/24,ZX100
399006.XSHE,创业板指,2010/6/1,2010/6/1,CYBZ
399007.XSHE,深证300,2009/11/4,2009/11/4,SZ300
399008.XSHE,中小300,2010/3/22,2010/3/22,ZX300
399009.XSHE,深证200,2011/9/1,2011/9/1,SZ200
399010.XSHE,深证700,2011/9/1,2011/9/1,SZ700
399011.XSHE,深证1000,2011/9/1,2011/9/1,SZ1000
399012.XSHE,创业300,2013/1/7,2013/1/7,CY300
399013.XSHE,深市精选,2014/5/30,2014/5/30,SSJX
399015.XSHE,深证中小创新指数,2015/3/24,2015/3/24,ZXCX
399016.XSHE,深证创新指数,2016/12/1,2016/12/1,SZCX
399017.XSHE,SME创新,2016/12/1,2016/12/1,SMECX
399018.XSHE,创业板创新指数,2016/12/1,2016/12/1,CYCX
399019.XSHE,创业200,2023/11/15,2023/11/15,CY200
399020.XSHE,创业小盘,2023/11/15,2023/11/15,CYXP
399030.XSHE,碳科技30,2021/9/27,2021/9/27,TKJ30
399050.XSHE,创新引擎,2018/7/31,2018/7/31,CXYQ
399060.XSHE,碳科技60,2021/9/27,2021/9/27,TKJ60
399088.XSHE,深创100,2020/2/18,2020/2/18,SC100
399100.XSHE,新指数,2006/2/16,2006/2/16,XZS
399101.XSHE,中小综指,2005/12/1,2005/12/1,ZXZZ
399102.XSHE,创业板综合指数,2010/8/20,2010/8/20,CYBZ
399103.XSHE,乐富指数,2011/12/2,2011/12/2,LFZS
399106.XSHE,深证综指,1991/4/4,2005/1/4,SZZZ
399107.XSHE,深证A指,1992/10/4,2005/1/4,SZAZ
399108.XSHE,深证B指,1992/10/6,2005/1/4,SZBZ
399231.XSHE,农林指数,2013/3/4,2013/3/4,NLZS
399232.XSHE,采矿指数,2013/3/4,2013/3/4,CKZS
399233.XSHE,制造指数,2013/3/4,2013/3/4,ZZZS
399234.XSHE,水电指数,2013/3/4,2013/3/4,SDZS
399235.XSHE,建筑指数,2013/3/4,2013/3/4,JZZS
399236.XSHE,批零指数,2013/3/4,2013/3/4,PLZS
399237.XSHE,运输指数,2013/3/4,2013/3/4,YSZS
399238.XSHE,餐饮指数,2013/3/4,2013/3/4,CYZS
399239.XSHE,IT指数,2013/3/4,2013/3/4,ITZS
399240.XSHE,金融指数,2013/3/4,2013/3/4,JRZS
399241.XSHE,地产指数,2013/3/4,2013/3/4,DCZS
399242.XSHE,商务指数,2013/3/4,2013/3/4,SWZS
399243.XSHE,科研指数,2013/3/4,2013/3/4,KYZS
399244.XSHE,公共指数,2013/3/4,2013/3/4,GGZS
399248.XSHE,文化指数,2013/3/4,2013/3/4,WHZS
399249.XSHE,综企指数,2013/3/4,2013/3/4,ZQZS
399258.XSHE,绿色低碳,2023/8/8,2023/8/8,LSDT
399259.XSHE,创业低碳,2023/8/8,2023/8/8,CYDT
399260.XSHE,先进制造,2023/8/8,2023/8/8,XJZZ
399261.XSHE,创业制造,2023/8/8,2023/8/8,CYZZ
399269.XSHE,创质量,2021/1/12,2021/1/12,CZL
399274.XSHE,深新基建,2022/4/11,2022/4/11,SXJJ
399275.XSHE,创医药,2020/10/26,2020/10/26,CYY
399276.XSHE,创科技,2020/10/26,2020/10/26,CKJ
399277.XSHE,公共健康,2020/5/8,2020/5/8,GGJK
399278.XSHE,长江100,2020/5/8,2020/5/8,CJ100
399279.XSHE,云科技50,2020/5/8,2020/5/8,YKJ50
399280.XSHE,生物50,2020/5/8,2020/5/8,SW50
399281.XSHE,电子50,2020/5/8,2020/5/8,DZ50
399282.XSHE,大数据50,2020/2/18,2020/2/18,DSJ50
399283.XSHE,机器人50,2020/2/18,2020/2/18,JQR50
399284.XSHE,AI 50,2020/2/18,2020/2/18,AI 50
399285.XSHE,物联网50,2020/2/18,2020/2/18,WLW50
399286.XSHE,区块链50,2019/12/23,2019/12/23,QKL50
399289.XSHE,碳中和债,2022/4/11,2022/4/11,TZHZ
399290.XSHE,深转交债,2019/6/6,2019/6/6,SZJZ
399291.XSHE,创精选88,2019/11/6,2019/11/6,CJX88
399292.XSHE,民企发展,2019/3/5,2019/3/5,MQFZ
399293.XSHE,创业大盘,2019/4/18,2019/4/18,CYDP
399294.XSHE,中小创Q,2019/6/6,2019/6/6,ZXCQ
399295.XSHE,创业蓝筹,2019/1/23,2019/1/23,CYLC
399296.XSHE,创成长,2019/1/23,2019/1/23,CCC
399298.XSHE,深证中高等级信用债指数,2014/9/25,2014/9/25,SXZG
399299.XSHE,深证中低等级信用债指数,2014/9/25,2014/9/25,SXZD
399300.XSHE,沪深300,2005/4/8,2005/4/8,HS300
399301.XSHE,深信用债,2013/1/11,2013/1/11,SXYZ
399302.XSHE,深公司债,2013/1/11,2013/1/11,SGSZ
399303.XSHE,国证2000,2014/3/28,2014/3/28,GZ2000
399305.XSHE,基金指数,2000/7/3,2005/1/4,JJZS
399306.XSHE,深证ETF,2011/12/2,2011/12/2,SZETF
399307.XSHE,深证转债,2014/8/27,2014/8/27,SZZZ
399310.XSHE,国证50,2005/9/5,2005/9/5,GZ50
399311.XSHE,国证1000,2005/2/3,2005/2/3,GZ1000
399312.XSHE,国证300,2005/2/3,2005/2/3,GZ300
399313.XSHE,巨潮100,2005/2/3,2005/2/3,JC100
399314.XSHE,巨潮大盘,2005/2/3,2005/2/3,JCDP
399315.XSHE,巨潮中盘,2005/2/3,2005/2/3,JCZP
399316.XSHE,巨潮小盘,2005/2/3,2005/2/3,JCXP
399317.XSHE,国证A指,2005/2/3,2005/2/3,GZAZ
399318.XSHE,巨潮B股指数,2005/2/3,2005/2/3,JCBZ
399319.XSHE,资源优势,2005/1/4,2005/1/4,ZYYS
399320.XSHE,国证服务,2005/1/4,2005/1/4,GZFW
399321.XSHE,国证红利,2005/1/4,2005/1/4,GZHL
399322.XSHE,国证治理,2005/12/12,2005/12/12,GZZL
399324.XSHE,深证红利,2006/1/24,2006/1/24,SZHL
399326.XSHE,成长40,2006/1/24,2006/1/24,CZ40
399328.XSHE,深证治理,2006/1/24,2006/1/24,SZZL
399330.XSHE,深证100,2006/1/24,2006/1/24,SZ100
399332.XSHE,深证创新(旧),2006/2/27,2006/2/27,SZCX
399333.XSHE,中小100R,2006/12/27,2006/12/27,ZX100R
399335.XSHE,深证央企,2009/8/3,2009/8/3,SZYQ
399337.XSHE,深证民营,2009/8/3,2009/8/3,SZMY
399339.XSHE,深证科技,2009/8/3,2009/8/3,SZKJ
399341.XSHE,深证责任,2009/8/3,2009/8/3,SZZR
399344.XSHE,深证300R,2009/11/4,2009/11/4,SZ300R
399346.XSHE,深证成长,2009/11/4,2009/11/4,SZCZ
399348.XSHE,深证价值,2009/11/4,2009/11/4,SZJZ
399350.XSHE,皖江30,2012/12/18,2012/12/18,WJ30
399351.XSHE,深报指数,2004/9/1,2005/1/4,SBZS
399352.XSHE,深报综指,2005/2/3,2005/2/3,SBZZ
399353.XSHE,国证物流,2005/3/1,2005/3/1,GZWL
399354.XSHE,分析师指数,2006/11/25,2006/11/25,FXSZS
399355.XSHE,长三角,2007/7/2,2007/7/2,ZSJ
399356.XSHE,珠三角,2007/7/2,2007/7/2,ZSJ
399357.XSHE,环渤海,2007/7/2,2007/7/2,HBH
399358.XSHE,泰达指数,2008/1/2,2008/1/2,TDZS
399359.XSHE,国证基建,2009/8/3,2009/8/3,GZJJ
399360.XSHE,国证装备,2009/8/3,2009/8/3,GZZB
399361.XSHE,国证商业,2009/8/3,2009/8/3,GZSY
399362.XSHE,国证民营,2009/8/3,2009/8/3,GZMY
399363.XSHE,计算机指,2009/8/3,2009/8/3,JSJZ
399364.XSHE,中金消费,2009/8/3,2009/8/3,ZJXF
399365.XSHE,国证农业,2009/11/4,2009/11/4,GZNY
399366.XSHE,国证大宗,2009/11/4,2009/11/4,GZDZ
399367.XSHE,巨潮地产,2009/11/4,2009/11/4,JCDC
399368.XSHE,国证军工,2009/11/4,2009/11/4,GZJG
399369.XSHE,CBN-兴全,2009/11/4,2009/11/4,CBNXQ
399370.XSHE,国证成长,2010/1/4,2010/1/4,GZCZ
399371.XSHE,国证价值,2010/1/4,2010/1/4,GZJZ
399372.XSHE,大盘成长,2010/1/4,2010/1/4,DPCZ
399373.XSHE,大盘价值,2010/1/4,2010/1/4,DPJZ
399374.XSHE,中盘成长,2010/1/4,2010/1/4,ZPCZ
399375.XSHE,中盘价值,2010/1/4,2010/1/4,ZPJZ
399376.XSHE,小盘成长,2010/1/4,2010/1/4,XPCZ
399377.XSHE,小盘价值,2010/1/4,2010/1/4,XPJZ
399378.XSHE,南方低碳,2010/9/20,2010/9/20,NFDT
399379.XSHE,国证基金,2011/12/2,2011/12/2,GZJJ
399380.XSHE,国证ETF,2011/12/2,2011/12/2,GZETF
399381.XSHE,1000能源,2011/12/2,2011/12/2,1000NY
399382.XSHE,1000材料,2011/12/2,2011/12/2,1000CL
399383.XSHE,1000工业,2011/12/2,2011/12/2,1000GY
399384.XSHE,1000可选,2011/12/2,2011/12/2,1000KX
399385.XSHE,1000消费,2011/12/2,2011/12/2,1000XF
399386.XSHE,1000医药,2011/12/2,2011/12/2,1000YY
399387.XSHE,1000金融,2011/12/2,2011/12/2,1000JR
399388.XSHE,1000信息,2011/12/2,2011/12/2,1000XX
399389.XSHE,国证通信,2011/12/2,2011/12/2,GZTX
399390.XSHE,1000公用,2011/12/2,2011/12/2,1000GY
399391.XSHE,投资时钟,2012/3/26,2012/3/26,TZSZ
399392.XSHE,国证新兴,2012/3/28,2012/3/28,GZXX
399393.XSHE,国证地产,2012/8/20,2012/8/20,GZDC
399394.XSHE,国证医药,2012/10/29,2012/10/29,GZYY
399395.XSHE,国证有色,2012/10/29,2012/10/29,GZYS
399396.XSHE,国证食品,2012/10/29,2012/10/29,GZSP
399397.XSHE,OCT文化,2012/11/9,2012/11/9,OCTWH
399398.XSHE,绩效指数,2012/11/19,2012/11/19,JXZS
399399.XSHE,中经GDP,2012/11/23,2012/11/23,ZJGDP
399400.XSHE,大中盘,2013/3/20,2013/3/20,DZP
399401.XSHE,中小盘,2013/3/20,2013/3/20,ZXP
399402.XSHE,周期100,2013/10/28,2013/10/28,ZQ100
399403.XSHE,防御100,2013/10/28,2013/10/28,FY100
399404.XSHE,大盘低波,2013/12/5,2013/12/5,DPDB
399405.XSHE,大盘高贝,2013/12/5,2013/12/5,DPGB
399406.XSHE,中盘低波,2013/12/5,2013/12/5,ZPDB
399407.XSHE,中盘高贝,2013/12/5,2013/12/5,ZPGB
399408.XSHE,小盘低波,2013/12/5,2013/12/5,XPDB
399409.XSHE,小盘高贝,2013/12/5,2013/12/5,XPGB
399410.XSHE,苏州率先,2013/12/12,2013/12/12,SZLX
399411.XSHE,红利100,2014/4/10,2014/4/10,HL100
399412.XSHE,国证新能,2014/5/16,2014/5/16,GZXN
399413.XSHE,国证转债,2014/8/27,2014/8/27,GZZZ
399415.XSHE,I100,2014/9/12,2014/9/12,I100
399416.XSHE,I300,2014/9/12,2014/9/12,I300
399417.XSHE,国证新能源汽车指数,2014/9/24,2014/9/24,XNYC
399418.XSHE,国证国家安全指数,2014/11/21,2014/11/21,GZGA
399419.XSHE,国证高铁指数,2014/12/10,2014/12/10,GZGT
399420.XSHE,国证保险证券指数,2014/12/10,2014/12/10,GZBZ
399423.XSHE,中关村50指数,2015/2/5,2015/2/5,ZGC50
399427.XSHE,国证德高行专利领先指数,2015/2/17,2015/2/17,ZLLX
399428.XSHE,国证定向增发指数,2015/2/17,2015/2/17,GZDZ
399429.XSHE,新丝路指数,2015/1/8,2015/1/8,XSL
399431.XSHE,国证银行行业指数,2014/12/30,2014/12/30,GZYH
399432.XSHE,国证汽车与汽车零配件行业指数,2014/12/30,2014/12/30,GZQC
399433.XSHE,国证交通运输行业指数,2014/12/30,2014/12/30,GZJY
399434.XSHE,国证传媒行业指数,2014/12/30,2014/12/30,GZCM
399435.XSHE,国证农牧渔产品行业指数,2014/12/30,2014/12/30,GZNM
399436.XSHE,国证煤炭行业指数,2014/12/30,2014/12/30,GZMT
399437.XSHE,国证证券行业指数,2014/12/30,2014/12/30,GZZQ
399438.XSHE,国证电力公用事业行业指数,2014/12/30,2014/12/30,GZDL
399439.XSHE,国证石油天然气行业指数,2014/12/30,2014/12/30,GZYQ
399440.XSHE,国证黑色金属行业指数,2014/12/30,2014/12/30,GZGT
399441.XSHE,国证生物医药指数,2015/1/20,2015/1/20,SWYY
399481.XSHE,企债指数,2003/1/2,2005/1/4,QZZS
399550.XSHE,央视50,2012/6/6,2012/6/6,YS50
399551.XSHE,央视创新,2013/6/6,2013/6/6,YSCX
399552.XSHE,央视成长,2013/6/6,2013/6/6,YSCZ
399553.XSHE,央视回报,2013/6/6,2013/6/6,YSHB
399554.XSHE,央视治理,2013/6/6,2013/6/6,YSZL
399555.XSHE,央视责任,2013/6/6,2013/6/6,YSZR
399556.XSHE,央视生态,2014/6/6,2014/6/6,YSST
399557.XSHE,央视文化,2014/6/6,2014/6/6,YSWH
399602.XSHE,中小成长,2010/5/24,2010/5/24,ZXCZ
399604.XSHE,中小价值,2010/5/24,2010/5/24,ZXJZ
399606.XSHE,创业板R,2010/6/1,2010/6/1,CYBR
399608.XSHE,科技100,2010/10/18,2010/10/18,KJ100
399610.XSHE,TMT50,2010/11/8,2010/11/8,TMT50
399611.XSHE,中创100R,2011/2/28,2011/2/28,ZC100R
399612.XSHE,中创100,2011/2/28,2011/2/28,ZC100
399613.XSHE,深证能源,2011/6/15,2011/6/15,SZNY
399614.XSHE,深证材料,2011/6/15,2011/6/15,SZCL
399615.XSHE,深证工业,2011/6/15,2011/6/15,SZGY
399616.XSHE,深证可选,2011/6/15,2011/6/15,SZKX
399617.XSHE,深证消费,2011/6/15,2011/6/15,SZXF
399618.XSHE,深证医药,2011/6/15,2011/6/15,SZYY
399619.XSHE,深证金融,2011/6/15,2011/6/15,SZJR
399620.XSHE,深证信息,2011/6/15,2011/6/15,SZXX
399621.XSHE,深证电信,2011/6/15,2011/6/15,SZDX
399622.XSHE,深证公用,2011/6/15,2011/6/15,SZGY
399623.XSHE,中小基础,2011/7/25,2011/7/25,ZXJC
399624.XSHE,中创400,2011/8/15,2011/8/15,ZC400
399625.XSHE,中创500,2011/8/15,2011/8/15,ZC500
399626.XSHE,中创成长,2011/8/15,2011/8/15,ZCCZ
399627.XSHE,中创价值,2011/8/15,2011/8/15,ZCJZ
399628.XSHE,700成长,2011/9/1,2011/9/1,700CZ
399629.XSHE,700价值,2011/9/1,2011/9/1,700JZ
399630.XSHE,1000成长,2011/9/1,2011/9/1,1000CZ
399631.XSHE,1000价值,2011/9/1,2011/9/1,1000JZ
399632.XSHE,深100EW,2011/10/28,2011/10/28,S100EW
399633.XSHE,深300EW,2011/10/28,2011/10/28,S300EW
399634.XSHE,中小等权,2011/10/28,2011/10/28,ZXDQ
399635.XSHE,创业板EW,2011/10/28,2011/10/28,CYBEW
399636.XSHE,深证装备,2011/11/15,2011/11/15,SZZB
399637.XSHE,深证地产,2011/11/15,2011/11/15,SZDC
399638.XSHE,深证环保,2011/11/15,2011/11/15,SZHB
399639.XSHE,深证大宗,2011/11/15,2011/11/15,SZDZ
399640.XSHE,创业基础,2012/1/16,2012/1/16,CYJC
399641.XSHE,深证新兴,2012/2/1,2012/2/1,SZXX
399642.XSHE,中小新兴,2012/2/1,2012/2/1,ZXXX
399643.XSHE,创业新兴,2012/2/1,2012/2/1,CYXX
399644.XSHE,深证时钟,2012/3/26,2012/3/26,SZSZ
399645.XSHE,100低波,2012/6/12,2012/6/12,100DB
399646.XSHE,深消费50,2012/8/6,2012/8/6,SXF50
399647.XSHE,深医药50,2012/8/6,2012/8/6,SYY50
399648.XSHE,深证GDP,2012/8/8,2012/8/8,SZGDP
399649.XSHE,中小红利,2012/8/20,2012/8/20,ZXHL
399650.XSHE,中小治理,2012/8/20,2012/8/20,ZXZL
399651.XSHE,中小责任,2012/8/20,2012/8/20,ZXZR
399652.XSHE,中创高新,2012/9/17,2012/9/17,ZCGX
399653.XSHE,深证龙头,2012/9/25,2012/9/25,SZLT
399654.XSHE,深证文化,2012/11/9,2012/11/9,SZWH
399655.XSHE,深证绩效,2012/11/19,2012/11/19,SZJX
399656.XSHE,100绩效,2012/11/19,2012/11/19,100JX
399657.XSHE,300绩效,2012/11/19,2012/11/19,300JX
399658.XSHE,中小绩效,2012/11/19,2012/11/19,ZXJX
399659.XSHE,深成指EW,2012/11/23,2012/11/23,SCZEW
399660.XSHE,中创EW,2012/11/23,2012/11/23,ZCEW
399661.XSHE,深证低波,2012/12/20,2012/12/20,SZDB
399662.XSHE,深证高贝,2012/12/20,2012/12/20,SZGB
399663.XSHE,中小低波,2012/12/20,2012/12/20,ZXDB
399664.XSHE,中小高贝,2012/12/20,2012/12/20,ZXGB
399665.XSHE,中创低波,2012/12/20,2012/12/20,ZCDB
399666.XSHE,中创高贝,2012/12/20,2012/12/20,ZCGB
399667.XSHE,创业板G,2013/1/7,2013/1/7,CYBG
399668.XSHE,创业板V,2013/1/7,2013/1/7,CYBV
399669.XSHE,深证农业,2013/6/24,2013/6/24,SZNY
399670.XSHE,深周期50,2013/10/28,2013/10/28,SZQ50
399671.XSHE,深防御50,2013/10/28,2013/10/28,SFY50
399672.XSHE,深红利50,2014/4/10,2014/4/10,SHL50
399673.XSHE,创业板50,2014/6/18,2014/6/18,CYB50
399674.XSHE,深A医药卫生指数,2015/6/8,2015/6/8,SAYY
399675.XSHE,深A软件与互联网指数,2015/6/8,2015/6/8,SHLW
399676.XSHE,深A医药卫生等权指数,2015/6/8,2015/6/8,SYYEW
399677.XSHE,深A软件与互联网等权指数,2015/6/8,2015/6/8,SHLEW
399678.XSHE,深证次新股指数,2015/6/18,2015/6/18,SCXG
399679.XSHE,深证200指数,2015/6/18,2015/6/18,SZ200
399680.XSHE,深成能源行业指数,2015/8/31,2015/8/31,SCNY
399681.XSHE,深成原材料行业指数,2015/8/31,2015/8/31,SCCL
399682.XSHE,深成工业行业指数,2015/8/31,2015/8/31,SCGY
399683.XSHE,深成可选消费行业指数,2015/8/31,2015/8/31,SCKX
399684.XSHE,深成主要消费行业指数,2015/8/31,2015/8/31,SCXF
399685.XSHE,深成医药卫生行业指数,2015/8/31,2015/8/31,SCYY
399686.XSHE,深成金融地产行业指数,2015/8/31,2015/8/31,SCJR
399687.XSHE,深成信息技术行业指数,2015/8/31,2015/8/31,SCXX
399688.XSHE,深成电信业务行业指数,2015/8/31,2015/8/31,SCDX
399689.XSHE,深成公用事业行业指数,2015/8/31,2015/8/31,SCGY
399690.XSHE,中小专利,2016/5/23,2016/5/23,ZXZL
399691.XSHE,深证创业板专利领先指数,2016/5/23,2016/5/23,CYZL
399692.XSHE,创业300低波动率指数,2016/12/20,2016/12/20,CYDB
399693.XSHE,安防产业,2016/6/20,2016/6/20,AFCY
399694.XSHE,创业高贝,2016/12/20,2016/12/20,CYGB
399695.XSHE,深证节能环保指数,2017/4/28,2017/4/28,SZJN
399696.XSHE,深证创投,2016/10/21,2016/10/21,SZCT
399697.XSHE,中关村60,2017/1/10,2017/1/10,ZGC60
399698.XSHE,深证优势成长,2017/6/15,2017/6/15,YSCZ
399699.XSHE,金融科技,2017/6/9,2017/6/9,JRKJ
399701.XSHE,深证F60,2010/5/10,2010/5/10,SZF60
399702.XSHE,深证F120,2010/5/10,2010/5/10,SZF120
399703.XSHE,深证F200,2010/5/10,2010/5/10,SZF200
399704.XSHE,深证上游,2011/10/18,2011/10/18,SZSY
399705.XSHE,深证中游,2011/10/18,2011/10/18,SZZY
399706.XSHE,深证下游,2011/10/18,2011/10/18,SZXY
399707.XSHE,中证申万证券行业指数,2015/4/16,2015/4/16,CSSWZQ
399750.XSHE,深主板50,2023/11/15,2023/11/15,SZB50
399802.XSHE,500深市,2012/9/5,2012/9/5,500SS
399803.XSHE,中证工业4.0指数,2015/3/10,2015/3/10,GY4.0
399804.XSHE,中证体育产业指数,2015/2/9,2015/2/9,ZZTY
399805.XSHE,中证互联网金融指数,2015/2/10,2015/2/10,HLJR
399806.XSHE,中证环境治理指数,2014/7/21,2014/7/21,HJZL
399807.XSHE,中证高铁产业指数,2015/1/20,2015/1/20,GTCY
399808.XSHE,中证新能源指数,2015/2/10,2015/2/10,ZZXN
399809.XSHE,中证方正富邦保险主题指数,2015/2/13,2015/2/13,BXZT
399810.XSHE,中证申万传媒行业投资指数,2015/8/3,2015/8/3,CSSWCM
399811.XSHE,中证申万电子行业投资指数,2015/8/3,2015/8/3,CSSWDZ
399812.XSHE,中证养老产业指数,2014/6/6,2014/6/6,YLCY
399813.XSHE,中证国防安全指数,2015/1/29,2015/1/29,ZZGA
399814.XSHE,中证大农业指数,2014/7/22,2014/7/22,DNY
399817.XSHE,中证阿拉善生态主题100指数,2015/10/21,2015/10/21,ST100
399850.XSHE,深证50,2023/10/18,2023/10/18,SZ50
399852.XSHE,中证1000,2023/9/11,2023/9/11,ZZ1000
399901.XSHE,中证南方小康产业指数,2010/4/1,2010/4/1,XKZS
399902.XSHE,中证流通指数,2006/2/27,2006/2/27,ZZLT
399903.XSHE,中证100指数,2006/5/29,2006/5/29,ZZ100
399904.XSHE,中证中盘200指数,2007/1/15,2007/1/15,ZZ200
399905.XSHE,中证500,2007/1/15,2007/1/15,ZZ500
399906.XSHE,中证800指数,2007/1/15,2007/1/15,ZZ800
399907.XSHE,中证中小盘700指数,2007/1/15,2007/1/15,ZZ700
399908.XSHE,沪深300能源指数,2007/7/2,2007/7/2,300NY
399909.XSHE,沪深300原材料指数,2007/7/2,2007/7/2,300CL
399910.XSHE,沪深300工业指数,2007/7/2,2007/7/2,300GY
399911.XSHE,沪深300可选消费指数,2007/7/2,2007/7/2,300KX
399912.XSHE,沪深300主要消费指数,2007/7/2,2007/7/2,300XF
399913.XSHE,沪深300医药卫生指数,2007/7/2,2007/7/2,300YY
399914.XSHE,沪深300金融地产指数,2007/7/2,2007/7/2,300JR
399915.XSHE,沪深300信息技术指数,2007/7/2,2007/7/2,300XX
399916.XSHE,沪深300电信业务指数,2007/7/2,2007/7/2,300DX
399917.XSHE,沪深300公用事业指数,2007/7/2,2007/7/2,300GY
399918.XSHE,沪深300成长指数,2008/1/21,2008/1/21,300CZ
399919.XSHE,沪深300价值指数,2008/1/21,2008/1/21,300JZ
399920.XSHE,沪深300相对成长指数,2008/1/21,2008/1/21,300RCZ
399922.XSHE,中证红利指数,2008/5/26,2008/5/26,ZZHL
399923.XSHE,公司债,2008/11/19,2008/11/19,GSZ
399925.XSHE,中证锐联基本面50指数,2009/2/26,2009/2/26,JBM50
399926.XSHE,中证中央企业综合指数,2009/3/30,2009/3/30,ZZYQ
399927.XSHE,中证中央企业100指数,2009/3/30,2009/3/30,YQ100
399928.XSHE,中证能源指数,2009/7/3,2009/7/3,ZZNY
399929.XSHE,中证原材料指数,2009/7/3,2009/7/3,ZZCL
399930.XSHE,中证工业指数,2009/7/3,2009/7/3,ZZGY
399931.XSHE,中证可选消费指数,2009/7/3,2009/7/3,ZZKX
399932.XSHE,中证主要消费指数,2009/7/3,2009/7/3,ZZXF
399933.XSHE,中证医药卫生指数,2009/7/3,2009/7/3,ZZYY
399934.XSHE,中证金融地产指数,2009/7/3,2009/7/3,ZZJR
399935.XSHE,中证信息技术指数,2009/7/3,2009/7/3,ZZXX
399936.XSHE,中证电信业务指数,2009/7/3,2009/7/3,ZZDX
399937.XSHE,中证公用事业指数,2009/7/3,2009/7/3,ZZGY
399938.XSHE,中证民营企业综合指数,2009/8/25,2009/8/25,ZZMQ
399939.XSHE,中证民营企业200指数,2009/8/25,2009/8/25,MQ200
399941.XSHE,中证内地新能源主题指数,2009/10/28,2009/10/28,XNY
399942.XSHE,中证内地消费主题指数,2009/10/28,2009/10/28,NDXF
399943.XSHE,中证内地基建主题指数,2009/10/28,2009/10/28,NDJJ
399944.XSHE,中证内地资源主题指数,2009/10/28,2009/10/28,NDZY
399945.XSHE,中证内地运输主题指数,2009/10/28,2009/10/28,NDYS
399946.XSHE,中证内地金融主题指数,2009/10/28,2009/10/28,NDJR
399947.XSHE,中证内地银行主题指数,2009/10/28,2009/10/28,NDYH
399948.XSHE,中证内地地产主题指数,2009/10/28,2009/10/28,NDDC
399949.XSHE,中证内地农业主题指数,2009/10/28,2009/10/28,NDNY
399950.XSHE,沪深300基建主题指数,2009/10/28,2009/10/28,300JJ
399951.XSHE,沪深300银行指数,2009/10/28,2009/10/28,300YH
399952.XSHE,沪深300地产指数,2009/10/28,2009/10/28,300DC
399953.XSHE,中证地方国有企业综合指数,2010/2/9,2010/2/9,ZZDQ
399954.XSHE,中证地方国有企业100指数,2010/2/9,2010/2/9,DQ100
399955.XSHE,中证国有企业综合指数,2010/2/9,2010/2/9,ZZGQ
399956.XSHE,中证国有企业200指数,2010/2/9,2010/2/9,GQ200
399957.XSHE,沪深300运输指数,2009/6/16,2009/6/16,300YS
399958.XSHE,中证创业成长指数,2010/3/24,2010/3/24,CYCZ
399959.XSHE,军工指数,2011/8/30,2011/8/30,JGZS
399960.XSHE,中证龙头企业指数,2010/2/9,2010/2/9,ZZLT
399961.XSHE,中证上游资源产业指数,2010/4/16,2010/4/16,ZZSY
399962.XSHE,中证中游制造产业指数,2010/4/16,2010/4/16,ZZZY
399963.XSHE,中证下游消费与服务产业指数,2010/4/16,2010/4/16,ZZXY
399964.XSHE,中证新兴产业指数,2010/4/30,2010/4/30,ZZXX
399965.XSHE,800地产,2014/4/4,2014/4/4,800DC
399966.XSHE,800非银,2014/4/4,2014/4/4,800FY
399967.XSHE,中证军工,2013/12/26,2013/12/26,ZZJG
399968.XSHE,沪深300周期行业指数,2010/5/28,2010/5/28,300ZQ
399969.XSHE,沪深300非周期行业指数,2010/5/28,2010/5/28,300FZ
399970.XSHE,中证移动互联网指数,2014/5/5,2014/5/5,YDHL
399971.XSHE,中证传媒指数,2014/4/15,2014/4/15,ZZCM
399972.XSHE,300深市,2012/6/21,2012/6/21,300SS
399973.XSHE,中证国防指数,2014/4/15,2014/4/15,ZZGF
399974.XSHE,中证国有企业改革指数,2014/8/7,2014/8/7,GQGG
399975.XSHE,中证全指证券公司指数(四级行业),2013/7/15,2013/7/15,ZQGS
399976.XSHE,中证新能源汽车指数,2014/11/28,2014/11/28,XNYC
399977.XSHE,中证内地低碳经济主题指数,2011/1/21,2011/1/21,NDDT
399978.XSHE,中证医药100指数,2011/3/18,2011/3/18,YY100
399979.XSHE,中证大宗商品股票指数,2011/8/22,2011/8/22,DZSP
399980.XSHE,中证超级大盘指数,2011/5/10,2011/5/10,ZZCD
399981.XSHE,沪深300行业分层等权重指数,2011/6/13,2011/6/13,300FC
399982.XSHE,中证500等权重指数,2011/6/13,2011/6/13,500DQ
399983.XSHE,沪深300地产等权重指数,2013/11/22,2013/11/22,DCDQ
399985.XSHE,中证全指指数,2011/8/2,2011/8/2,ZZQZ
399986.XSHE,中证银行指数,2013/7/15,2013/7/15,ZZYH
399987.XSHE,中证酒指数,2014/12/10,2014/12/10,ZZJ
399989.XSHE,中证医疗指数,2014/10/31,2014/10/31,ZZYL
399990.XSHE,中证煤炭等权指数,2015/1/21,2015/1/21,MTDQ
399991.XSHE,中证一带一路主题指数,2015/2/16,2015/2/16,YDYL
399992.XSHE,中证万得并购重组指数,2015/5/8,2015/5/8,CSWDBG
399993.XSHE,中证万得生物科技指数,2015/5/8,2015/5/8,CSWDSK
399994.XSHE,中证信息安全主题指数,2015/3/12,2015/3/12,XXAQ
399995.XSHE,中证基建工程指数,2015/3/12,2015/3/12,JJGC
399996.XSHE,中证智能家居指数,2014/9/17,2014/9/17,ZNJJ
399997.XSHE,中证白酒指数,2015/1/21,2015/1/21,ZZBJ
399998.XSHE,中证煤炭指数,2015/2/13,2015/2/13,ZZMT
